id,arrival,departure,travel_distance_prev,travel_time_prev
241,10.0,11.5,2.8852709794565414,0.5577054195891308
242,13.699756648879765,15.199756648879765,84.98783244398825,2.199756648879765
